,0,1
0,思考,39
1,生活,28
2,患者,28
3,经历,26
4,人生,26
5,哲学,25
6,世界,23
7,善良,21
8,喜欢,21
9,希望,19
10,热爱,17
11,生命,16
12,感动,16
13,温柔,16
14,医患,15
15,文字,15
16,真正,15
17,读完,14
18,值得,14
19,坚定,14
20,力量,14
21,故事,13
22,关系,13
23,事件,13
24,大夫,13
25,内心,12
26,也许,12
27,善,12
28,通透,12
29,特别,12
30,非常,11
31,成为,11
32,相信,11
33,医者,11
34,鸡汤,11
35,真诚,11
36,哭,11
37,价值,10
38,人性,10
39,需要,10
40,其实,10
41,之后,10
42,了解,10
43,无法,9
44,永远,9
45,依然,9
46,普通人,9
47,目光,9
48,总是,9
49,医学,9
50,东西,9
51,伟大,9
52,大爱,9
53,意义,8
54,感受,8
55,可能,8
56,一颗,8
57,一点,8
58,理想,8
59,文笔,8
60,努力,8
61,感悟,8
62,优秀,8
63,内容,8
64,应该,8
65,职业,8
66,不能,8
67,医疗,8
68,身上,8
69,这是,8
70,智慧,8
71,病人,8
72,世间,7
73,道理,7
74,人间,7
75,透彻,7
76,善恶,7
77,三星,7
78,知道,7
79,一下,7
80,全书,7
81,前面,7
82,面对,7
83,不要,7
84,赤诚,7
85,光明,7
86,书里,7
87,真实,7
88,仁心,7
89,有点,7
90,时间,7
91,幸福,7
92,愿意,7
93,学习,7
94,照亮,7
95,原来,7
96,生死,7
97,温暖,7
98,坚强,7
99,选择,7
100,显得,7
101,伤害,7
102,文学,7
103,一直,7
104,能够,7
105,完美,7
106,每个,6
107,思想,6
108,赤子之心,6
109,陷入,6
110,能力,6
111,道德,6
112,分,6
113,人类,6
114,比较,6
115,发生,6
116,读者,6
117,幸运,6
118,工作,6
119,成长,6
120,后面,6
121,好人,6
122,容易,6
123,人物,6
124,那种,6
125,整个,6
126,不同,6
127,活,6
128,受伤,6
129,印象,6
130,美好,6
131,更加,6
132,时,6
133,圣人,6
134,理想主义者,6
135,一天,6
136,-,6
137,死亡,6
138,理想主义,5
139,信仰,5
140,坚持,5
141,自我,5
142,确实,5
143,正,5
144,普通,5
145,是因为,5
146,忍不住,5
147,朋友,5
148,痛苦,5
149,只能,5
150,爱,5
151,没,5
152,游戏,5
153,恶,5
154,老师,5
155,行业,5
156,一名,5
157,评价,5
158,大部分,5
159,产生,5
160,改变,5
161,事情,5
162,事业,5
163,～,5
164,找到,5
165,有意思,5
166,心有,5
167,慈悲,5
168,五星,5
169,实在,5
170,不想,5
171,里面,5
172,心中,5
173,真,5
174,出,5
175,表达,5
176,篇,5
177,学生,5
178,平凡,5
179,迷茫,5
180,正常,5
181,关注,5
182,善意,5
183,心,5
184,敬佩,5
185,初心,5
186,紧张,5
187,认识,5
188,真是,5
189,乐观,5
190,继续,5
191,充满,5
192,章节,5
193,难得,5
194,少年,5
195,理解,5
196,以前,5
197,失明,5
198,具有,5
199,花,4
200,前半部,4
201,听,4
202,纯粹,4
203,依旧,4
204,感,4
205,柔软,4
206,现在,4
207,本来,4
208,完整,4
209,吐槽,4
210,随笔,4
211,大众,4
212,最好,4
213,精神,4
214,提到,4
215,像是,4
216,走,4
217,看着,4
218,暴力,4
219,受害者,4
220,微光,4
221,存在,4
222,星,4
223,总,4
224,之间,4
225,大概,4
226,一章,4
227,启发,4
228,读书,4
229,想到,4
230,或许,4
231,一生,4
232,平静,4
233,描述,4
234,共情,4
235,恢复,4
236,有种,4
237,讨论,4
238,能量,4
239,自传,4
240,地铁,4
241,流泪,4
242,不断,4
243,心态,4
244,世上,4
245,重要,4
246,可爱,4
247,救治,4
248,时刻,4
249,必要,4
250,激励,4
251,有趣,4
252,天使,4
253,砍伤,4
254,很大,4
255,环境,4
256,意外,4
257,讲,4
258,笑,4
259,作品,4
260,苦难,4
261,心理,4
262,深刻,4
263,医院,4
264,支持,4
265,反思,4
266,科学,4
267,问,4
268,推荐,4
269,有人,4
270,保护,4
271,想法,4
272,遭遇,4
273,疾苦,4
274,态度,4
275,人心,4
276,不幸,4
277,传统,4
278,往往,4
279,问题,4
280,体系,4
281,境界,4
282,本质,4
283,一篇,4
284,治疗,4
285,最大,3
286,得到,3
287,欲望,3
288,热泪盈眶,3
289,时常,3
290,明白,3
291,难,3
292,放弃,3
293,始终,3
294,简单,3
295,体会,3
296,期待,3
297,案例,3
298,感激,3
299,营销,3
300,直接,3
301,恐怖,3
302,矛盾,3
303,枷锁,3
304,小学生,3
305,这书,3
306,语言,3
307,有限,3
308,无限,3
309,物质,3
310,远远,3
311,莫名,3
312,提醒,3
313,看见,3
314,记得,3
315,过程,3
316,心怀,3
317,之心,3
318,领域,3
319,完全,3
320,叙述,3
321,带,3
322,医术,3
323,过于,3
324,表现,3
325,身边,3
326,方式,3
327,仿佛,3
328,每天,3
329,烦恼,3
330,相比,3
331,带给,3
332,联名,3
333,无比,3
334,序言,3
335,保持,3
336,客观,3
337,菩萨,3
338,看透,3
339,平凡人,3
340,不了,3
341,丰富,3
342,至少,3
343,想要,3
344,坚守,3
345,无聊,3
346,捧,3
347,手中,3
348,脸庞,3
349,第一次,3
350,平和,3
351,这本,3
352,砍,3
353,那天,3
354,出诊,3
355,哲思,3
356,勇敢,3
357,期望,3
358,钦佩,3
359,这句,3
360,细腻,3
361,由衷,3
362,诱惑,3
363,榴莲,3
364,吻,3
365,教育,3
366,很快,3
367,教师,3
368,文,3
369,脆弱,3
370,自信,3
371,专注,3
372,眼科医生,3
373,毕竟,3
374,起来,3
375,已经,3
376,社会,3
377,意思,3
378,抑郁症,3
379,书中,3
380,做手术,3
381,出现,3
382,光,3
383,家属,3
384,心理学,3
385,打动,3
386,我会,3
387,最近,3
388,好友,3
389,轻松,3
390,带来,3
391,温和,3
392,品格,3
393,感慨,3
394,累,3
395,受,3
396,充满希望,3
397,序,3
398,孤独,3
399,看待,3
400,追求,3
401,读一读,3
402,绝望,3
403,十分,3
404,这一,3
405,四星,3
406,规则,3
407,理性,3
408,认知,3
409,接纳,3
410,好好,3
411,心灵,3
412,从事,3
413,羡慕,3
414,活着,3
415,新闻,3
416,初,3
417,情况,3
418,坏人,3
419,不可,3
420,利己,3
421,去年,3
422,落泪,3
423,边缘,3
424,所有人,3
425,不曾,3
426,艺术,3
427,稀里哗啦,2
428,正念,2
429,众多,2
430,太有,2
431,好像,2
432,活菩萨,2
433,泪点,2
434,买,2
435,断断续续,2
436,清楚,2
437,从来,2
438,害怕,2
439,虚无,2
440,后半段,2
441,想象,2
442,劫难,2
443,秩序,2
444,著作,2
445,同情心,2
446,有大爱,2
447,沉思,2
448,深度,2
449,微博上,2
450,相对,2
451,江西,2
452,作家,2
453,帮助,2
454,经手,2
455,最佳,2
456,悬壶济世,2
457,大医,2
458,一分,2
459,一把,2
460,泪,2
461,反正,2
462,感兴趣,2
463,汲取,2
464,程度,2
465,几乎,2
466,高洁,2
467,标签,2
468,当下,2
469,反复,2
470,满怀,2
471,逻辑,2
472,居然,2
473,高尚,2
474,灵魂,2
475,两个,2
476,模式,2
477,质朴,2
478,懂,2
479,好多,2
480,看过,2
481,做到,2
482,霸,2
483,仇恨,2
484,想起,2
485,罗翔,2
486,神圣,2
487,诗,2
488,蹩脚,2
489,厉害,2
490,温度,2
491,高,2
492,同学,2
493,高中,2
494,作文,2
495,第一,2
496,半本,2
497,成,2
498,篇幅,2
499,平庸,2
500,皮毛,2
501,标准答案,2
502,出书,2
503,工具,2
504,强烈推荐,2
505,事,2
506,朴实无华,2
507,生,2
508,不知,2
509,未来,2
510,祝愿,2
511,家人,2
512,幽默,2
513,这位,2
514,不到,2
515,今天,2
516,一份,2
517,那件事,2
518,七天,2
519,会读,2
520,很强,2
521,以后,2
522,分享,2
523,更好,2
524,活下去,2
525,尊重,2
526,打分,2
527,说实话,2
528,从医,2
529,人生哲学,2
530,从不,2
531,基本上,2
532,家长,2
533,上帝,2
534,中间,2
535,平时,2
536,佩服,2
537,开阔,2
538,心疼,2
539,炽热,2
540,此书,2
541,看得,2
542,赤子,2
543,正文,2
544,一星,2
545,挤,2
546,小时,2
547,上班,2
548,奉献,2
549,羞愧,2
550,脚踏实地,2
551,生病,2
552,好看,2
553,常常,2
554,病患,2
555,抑郁,2
556,梦想,2
557,现实,2
558,经常,2
559,尤其,2
560,放到,2
561,拆开,2
562,略显,2
563,流畅,2
564,伤,2
565,散文集,2
566,横祸,2
567,谈,2
568,遭到,2
569,下来,2
570,身为,2
571,疾病,2
572,治愈,2
573,这样的话,2
574,结尾,2
575,光辉,2
576,何止,2
577,回到,2
578,精湛,2
579,信念,2
580,友人,2
581,学霸,2
582,没想到,2
583,太好,2
584,治病,2
585,前半段,2
586,医务人员,2
587,学医,2
588,方面,2
589,名人,2
590,多余,2
591,做成,2
592,披萨,2
593,重,2
594,占,2
595,造就,2
596,独特,2
597,反,2
598,一部分,2
599,原因,2
600,专业性,2
601,理念,2
602,拥有,2
603,正向,2
604,灯塔,2
605,勇气,2
606,可惜,2
607,资深,2
608,外人,2
609,见闻,2
610,评论,2
611,付出,2
612,写得,2
613,远,2
614,少,2
615,文艺,2
616,寻找,2
617,吸引,2
618,无关,2
619,开篇,2
620,分子,2
621,人格,2
622,书读,2
623,后半部,2
624,病痛,2
625,懂得,2
626,知足,2
627,讲述,2
628,病,2
629,眼科,2
630,计划,2
631,神,2
632,发出,2
633,女童,2
634,捐献,2
635,家庭,2
636,手,2
637,之前,2
638,英国,2
639,临床,2
640,白大褂,2
641,方法,2
642,感触,2
643,公益,2
644,偶尔,2
645,喝,2
646,起到,2
647,感谢,2
648,差点,2
649,放在,2
650,大篇幅,2
651,一辈子,2
652,外界,2
653,格外,2
654,唯一,2
655,阅读,2
656,四十不惑,2
657,中年人,2
658,未免,2
659,不够,2
660,心路历程,2
661,访谈,2
662,用功,2
663,奔跑,2
664,份,2
665,剧里,2
666,宣传,2
667,形,2
668,无人,2
669,安然,2
670,处,2
671,功名,2
672,情绪,2
673,所控,2
674,永葆,2
675,沉默,2
676,如雷,2
677,目标,2
678,执着,2
679,命运,2
680,尊敬,2
681,年龄,2
682,变故,2
683,热情,2
684,上天,2
685,深陷,2
686,会有,2
687,很难,2
688,爱心,2
689,一如既往,2
690,忍受,2
691,难以,2
692,金钱,2
693,单纯,2
694,感恩,2
695,那份,2
696,善待,2
697,是不是,2
698,坚毅,2
699,生存,2
700,深深,2
701,震撼,2
702,安排,2
703,式,2
704,鸡血,2
705,多一星,2
706,触动,2
707,认为,2
708,个人,2
709,仍能,2
710,自有,2
711,清醒,2
712,了不起,2
713,碰伤,2
714,石头,2
715,拳打脚踢,2
716,搬开,2
717,前行,2
718,转化,2
719,共鸣,2
720,感同身受,2
721,曾经,2
722,类似,2
723,直白,2
724,所谓,2
725,中国,2
726,不得善终,2
727,机会,2
728,当事人,2
729,那段,2
730,碰到,2
731,行医,2
732,思维,2
733,创造,2
734,职业生涯,2
735,相当,2
736,整本书,2
737,精彩,2
738,心境,2
739,快乐,2
740,之苦,2
741,满足,2
742,坏事,2
743,庆幸,2
744,没能,2
745,角色,2
746,心里,2
747,爸爸,2
748,英雄,2
749,事物,2
750,大于,2
751,作用,2
752,悲天悯人,2
753,话,2
754,医闹,2
755,样子,2
756,突然,2
757,听说,2
758,包括,2
759,自爱,2
760,组合,2
761,光环,2
762,脱口秀,2
763,大会,2
764,总能,2
765,自省,2
766,强大,2
767,变得,2
768,群体,2
769,名字,2
770,无疑,2
771,字里行间,2
772,原谅,2
773,奋斗,2
774,新冠,2
775,疫情,2
776,此刻,2
777,最深,2
778,伤医,2
779,珍贵,2
780,决定,2
781,黑暗,2
782,这部,2
783,我要,2
784,活得,2
785,复杂,2
786,明亮,2
787,见过,2
788,太阳,2
789,两岁,2
790,定义,2
791,开头,2
792,冷漠,2
793,抱怨,2
794,共同,2
795,战胜,2
796,恶性事件,2
797,极致,2
798,更是,2
799,路,2
800,眼眶,2
801,过至,2
802,暗,2
803,实,2
804,阅历,2
805,见证,2
806,处世,2
807,开心,2
808,就读,2
809,蛮,2
810,词,2
811,科学家,2
812,相通,2
813,一定,2
814,导致,2
815,解决,2
816,越,2
817,无恒,2
818,德者,2
819,为医,2
820,看清,2
821,件,2
822,看山,2
823,山,2
824,看水,2
825,水,2
826,似乎,2
827,满分,2
828,下午,1
829,分哭,1
830,平静下来,1
831,人去,1
832,互相,1
833,传递,1
834,相处,1
835,相应,1
836,反馈,1
837,格言,1
838,大城市,1
839,裹挟,1
840,听得,1
841,进去,1
842,但陶,1
843,知行合一,1
844,说服力,1
845,抗拒,1
846,类人,1
847,错觉,1
848,受难,1
849,渡劫,1
850,全程,1
851,有活,1
852,三天,1
853,面,1
854,影响,1
855,坦诚,1
856,浑浑噩噩,1
857,播撒,1
858,漫无边际,1
859,尤为,1
860,冷静,1
861,身份,1
862,移情,1
863,包容,1
864,未,1
865,恪守,1
866,操蛋,1
867,次,1
868,泪如雨下,1
869,动力,1
870,决心,1
871,水平,1
872,欠,1
873,两句,1
874,简介,1
875,录,1
876,深沉,1
877,思辨,1
878,人之常情,1
879,常理,1
880,中学生,1
881,李医生,1
882,无数,1
883,之近,1
884,喜怒哀乐,1
885,奶奶,1
886,后现代,1
887,一言难尽,1
888,明明,1
889,苍生,1
890,却说,1
891,扔,1
892,海滩,1
893,沙,1
894,就事论事,1
895,严重,1
896,高估,1
897,出版,1
898,鼻涕,1
899,出版社,1
900,干脆,1
901,拍,1
902,偶像剧,1
903,效果,1
904,比罗翔,1
905,浅,1
906,广阔,1
907,良善,1
908,归结,1
909,本性,1
910,珍惜,1
911,加倍,1
912,酷爱,1
913,刻奇,1
914,造神,1
915,化,1
916,越过,1
917,恶来,1
918,讲善,1
919,幽幽,1
920,无论是,1
921,痛哭流涕,1
922,观众们,1
923,助人,1
924,卸下,1
925,却会,1
926,获得,1
927,永远都是,1
928,信任,1
929,一大半,1
930,一小半,1
931,行,1
932,各门,1
933,各派,1
934,入门,1
935,文词,1
936,修辞,1
937,俗套,1
938,灵气,1
939,无所谓,1
940,文学家,1
941,收藏,1
942,学到,1
943,知识点,1
944,溺水,1
945,春游,1
946,平实,1
947,读过,1
948,课,1
949,我服,1
950,修行,1
951,路上,1
952,师兄,1
953,大学,1
954,抢救,1
955,极端,1
956,知晓,1
957,姓名,1
958,不约而同,1
959,强调,1
960,之恶时,1
961,力量强大,1
962,赋权,1
963,之恶,1
964,可怕,1
965,不让,1
966,吞没,1
967,圆圈,1
968,正义,1
969,刑法学,1
970,讲义,1
971,法学,1
972,看似,1
973,相关,1
974,学科,1
975,善念,1
976,内为,1
977,寻光,1
978,律师,1
979,肩负,1
980,重任,1
981,对不起,1
982,读到,1
983,生死观,1
984,弃,1
985,造作,1
986,高中语文,1
987,训练,1
988,缘故,1
989,一大堆,1
990,空话,1
991,套话,1
992,添,1
993,四五个,1
994,干妈,1
995,妇女,1
996,之友,1
997,导师,1
998,李润要,1
999,素材,1
1000,集锦,1
1001,寥寥,1
1002,啰嗦,1
1003,走马观花,1
1004,博文,1
1005,非要,1
1006,抻,1
1007,性格,1
1008,价值观,1
1009,绝不会,1
1010,人读,1
1011,背,1
1012,警句,1
1013,句子,1
1014,从书中,1
1015,吸收,1
1016,只取,1
1017,突出,1
1018,刺,1
1019,写作文,1
1020,活成,1
1021,不太,1
1022,流量,1
1023,挣钱,1
1024,如果说,1
1025,三个,1
1026,钟南山,1
1027,张文宏,1
1028,旁观者,1
1029,旁观,1
1030,泪流满面,1
1031,人活,1
1032,无地自容,1
1033,幸福美满,1
1034,健全人,1
1035,鸡毛蒜皮,1
1036,小事,1
1037,劳神,1
1038,福中,1
1039,福,1
1040,胸襟,1
1041,纬度,1
1042,知足常乐,1
1043,早日康复,1
1044,同事,1
1045,皮,1
1046,埃斯,1
1047,风趣,1
1048,欠揍,1
1049,古板,1
1050,形象,1
1051,描写,1
1052,活灵活现,1
1053,太多人,1
1054,糊口,1
1055,晚上,1
1056,周五,1
1057,作业,1
1058,拖,1
1059,一拖,1
1060,一页,1
1061,棒,1
1062,知己,1
1063,中年,1
1064,好奇心,1
1065,兴趣,1
1066,剩下,1
1067,死,1
1068,体验,1
1069,谢谢,1
1070,何谓,1
1071,手握,1
1072,屠刀,1
1073,两星,1
1074,结合,1
1075,不错,1
1076,拉,1
1077,胯,1
1078,缺自,1
1079,然,1
1080,年纪,1
1081,明说,1
1082,博,1
1083,谦虚,1
1084,虚名,1
1085,专业,1
1086,贬义,1
1087,成长史,1
1088,教育史,1
1089,有没有,1
1090,发笑,1
1091,这起,1
1092,纠纷,1
1093,架不起,1
1094,理解消化,1
1095,根本,1
1096,顶顶,1
1097,高级,1
1098,欣赏,1
1099,文学性,1
1100,饱满,1
1101,上来,1
1102,至多是,1
1103,及格线,1
1104,观点,1
1105,稍微,1
1106,点,1
1107,悟出来,1
1108,上下班,1
1109,我敬,1
1110,五颗星,1
1111,知易行难,1
1112,我非,1
1113,从头到尾,1
1114,究竟,1
1115,单凭,1
1116,风雨,1
1117,过后,1
1118,看得见,1
1119,彩虹,1
1120,喝彩,1
1121,讲故事,1
1122,一味,1
1123,乏善可陈,1
1124,几件,1
1125,抽丝剥茧,1
1126,稍,1
1127,显,1
1128,生硬,1
1129,引起,1
1130,说教式,1
1131,不适,1
1132,忍,1
1133,第二章,1
1134,只论,1
1135,翻,1
1136,一翻,1
1137,发,1
1138,天之骄子,1
1139,租房,1
1140,公立医院,1
1141,飞来横祸,1
1142,迅速,1
1143,调整,1
1144,大半生,1
1145,应当,1
1146,感到,1
1147,歇斯底里,1
1148,控诉,1
1149,英雄主义,1
1150,海外,1
1151,购买,1
1152,亚马逊,1
1153,版,1
1154,随笔集,1
1155,德国,1
1156,访问学者,1
1157,海德堡,1
1158,哲学家,1
1159,小径,1
1160,散步,1
1161,这点,1
1162,微不足道,1
1163,影响力,1
1164,发挥,1
1165,医,1
1166,打算,1
1167,年轻人,1
1168,板正,1
1169,中规中矩,1
1170,困惑,1
1171,重合,1
1172,对书,1
1173,埃莱娜,1
1174,费兰特,1
1175,注意力,1
1176,类型,1
1177,单论,1
1178,新意,1
1179,第一章,1
1180,自述,1
1181,至暗,1
1182,有读,1
1183,感想,1
1184,填色,1
1185,陶勇时,1
1186,脸色,1
1187,憔悴,1
1188,头发,1
1189,剃得,1
1190,短,1
1191,表述,1
1192,神情,1
1193,多月,1
1194,首次,1
1195,出镜,1
1196,回应,1
1197,关心,1
1198,谈吐,1
1199,好感,1
1200,完陶勇,1
1201,更让人,1
1202,感叹,1
1203,遭此,1
1204,命题,1
1205,重现,1
1206,场景,1
1207,猝不及防,1
1208,后脑,1
1209,重击,1
1210,左手,1
1211,颈,1
1212,陶勇活,1
1213,卷入,1
1214,预期,1
1215,舆论,1
1216,中心,1
1217,善举,1
1218,反复强调,1
1219,令人感动,1
1220,写诗,1
1221,写道,1
1222,想尽办法,1
1223,安慰,1
1224,陶勇用,1
1225,有朝一日,1
1226,天下,1
1227,无疾,1
1228,医护,1
1229,卸甲,1
1230,父母,1
1231,一起,1
1232,读读,1
1233,萤火,1
1234,金光,1
1235,闪耀,1
1236,晨光,1
1237,大量,1
1238,位,1
1239,少有,1
1240,手术台上,1
1241,治病救人,1
1242,宽容,1
1243,传说,1
1244,典型,1
1245,呼吸,1
1246,化为,1
1247,空气,1
1248,作文选,1
1249,拿到,1
1250,一口气,1
1251,感人,1
1252,祝,1
1253,之作,1
1254,记录,1
1255,流着泪,1
1256,思索,1
1257,静下心来,1
1258,大都,1
1259,颇感兴趣,1
1260,博爱,1
1261,好学,1
1262,谦和,1
1263,不仅仅,1
1264,利益,1
1265,艰难,1
1266,一员,1
1267,存大爱,1
1268,一人,1
1269,不乏,1
1270,环境影响,1
1271,找回,1
1272,更大,1
1273,全,1
1274,从根本上,1
1275,改变现状,1
1276,总在,1
1277,限制,1
1278,三篇,1
1279,有着,1
1280,一面,1
1281,血肉,1
1282,丰满,1
1283,凶手,1
1284,佛陀,1
1285,以肉,1
1286,养虎,1
1287,这件,1
1288,事里,1
1289,多数,1
1290,用善,1
1291,推动,1
1292,仅剩,1
1293,拿来,1
1294,良好,1
1295,家教,1
1296,显然,1
1297,比例,1
1298,人本,1
1299,性本善,1
1300,淤泥,1
1301,便,1
1302,亭亭,1
1303,情怀,1
1304,多页,1
1305,翻翻,1
1306,评述,1
1307,正好,1
1308,遭受,1
1309,豁达,1
1310,家校,1
1311,信息,1
1312,而家校,1
1313,不足,1
1314,孩子,1
1315,星斗,1
1316,目的,1
1317,海里,1
1318,航行,1
1319,轮船,1
1320,它会,1
1321,指引方向,1
1322,一座,1
1323,散发,1
1324,光芒,1
1325,遗忘,1
1326,从书里,1
1327,敬业,1
1328,失去,1
1329,平平,1
1330,无奇,1
1331,遇到,1
1332,形形色色,1
1333,人和事,1
1334,不法,1
1335,讲道理,1
1336,大多数,1
1337,嫌多,1
1338,很棒,1
1339,偏,1
1340,夸大,1
1341,愿为,1
1342,月亮,1
1343,贝壳,1
1344,得出,1
1345,算不上,1
1346,好书,1
1347,适合,1
1348,刊物,1
1349,连载,1
1350,含量,1
1351,初步,1
1352,挺会,1
1353,沉浸,1
1354,和谐,1
1355,未尝,1
1356,虚假,1
1357,诗读,1
1358,想必,1
1359,脱敏,1
1360,学,1
1361,武侠小说,1
1362,药王,1
1363,偏方,1
1364,癫痫,1
1365,制药,1
1366,哈哈大笑,1
1367,毫无疑问,1
1368,心地善良,1
1369,低分,1
1370,仅,1
1371,人品,1
1372,弃业,1
1373,日记,1
1374,阿迅,1
1375,那日,1
1376,流水,1
1377,细节,1
1378,房思琪,1
1379,不忍,1
1380,第二遍,1
1381,捅,1
1382,伤陶,1
1383,明里暗里,1
1384,指为,1
1385,洗,1
1386,说教,1
1387,不爽,1
1388,精神疾病,1
1389,内化,1
1390,高高在上,1
1391,劝,1
1392,叛逆,1
1393,大脑,1
1394,留下,1
1395,痕迹,1
1396,一周,1
1397,害,1
1398,致贫,1
1399,展现出,1
1400,惊人,1
1401,之外,1
1402,特意,1
1403,微博,1
1404,伤后,1
1405,定期,1
1406,坐诊,1
1407,回答,1
1408,提问,1
1409,发起,1
1410,盲,1
1411,神奇,1
1412,母亲,1
1413,女儿,1
1414,比赛,1
1415,奖金,1
1416,男童,1
1417,富裕,1
1418,有位,1
1419,听闻,1
1420,表示,1
1421,回报,1
1422,绝对,1
1423,喷之弃业,1
1424,日志,1
1425,两位,1
1426,亚当,1
1427,脱掉,1
1428,鲜活,1
1429,卫生,1
1430,当局,1
1431,有所作为,1
1432,呼唤,1
1433,陶勇书里,1
1434,给出,1
1435,相比之下,1
1436,看上去,1
1437,温文尔雅,1
1438,层面,1
1439,讲到,1
1440,推进,1
1441,重要性,1
1442,穿,1
1443,戳,1
1444,后续,1
1445,介绍,1
1446,真真,1
1447,神人,1
1448,企及,1
1449,连边,1
1450,沾,1
1451,😓,1
1452,事迹,1
1453,抱,1
1454,买书能,1
1455,多得点,1
1456,钱,1
1457,心思,1
1458,要说,1
1459,人能,1
1460,用处,1
1461,参天大树,1
1462,原本,1
1463,买来,1
1464,阅完,1
1465,很受,1
1466,鼓励,1
1467,递来,1
1468,碗,1
1469,汤,1
1470,趁热,1
1471,第一本,1
1472,读着,1
1473,重点,1
1474,悲惨遭遇,1
1475,占据,1
1476,越来越,1
1477,克服,1
1478,太久,1
1479,接触,1
1480,笃定,1
1481,成年人,1
1482,气,1
1483,可贵,1
1484,一字一句,1
1485,偷走,1
1486,眼泪,1
1487,底色,1
1488,老去,1
1489,人才,1
1490,充满热情,1
1491,愉悦感,1
1492,逼,1
1493,疯,1
1494,年,1
1495,又哭又笑,1
1496,良医,1
1497,神化,1
1498,毋庸置疑,1
1499,崇高理想,1
1500,可歌,1
1501,可颂,1
1502,失望,1
1503,手记,1
1504,零星,1
1505,几个,1
1506,沉,1
1507,下去,1
1508,倒像,1
1509,零散,1
1510,对话,1
1511,拼凑,1
1512,而成,1
1513,醒来,1
1514,余下,1
1515,起书抖,1
1516,抖落,1
1517,落,1
1518,掉,1
1519,时不时,1
1520,鼻酸,1
1521,全班,1
1522,股子,1
1523,劲头,1
1524,不再,1
1525,用力,1
1526,往前,1
1527,映射,1
1528,例子,1
1529,漫画,1
1530,🍋,1
1531,说书,1
1532,报纸,1
1533,编辑,1
1534,寄给,1
1535,华丽,1
1536,道貌岸然,1
1537,眼中,1
1538,愈发,1
1539,半成品,1
1540,读物,1
1541,读出,1
1542,絮絮叨叨,1
1543,看起来,1
1544,乏味,1
1545,谁又能,1
1546,无视,1
1547,揪心,1
1548,精诚,1
1549,人生态度,1
1550,经营,1
1551,培养,1
1552,好孩子,1
1553,中有,1
1554,学术,1
1555,象牙塔,1
1556,切实,1
1557,完成,1
1558,假大空,1
1559,柴米油盐,1
1560,主动,1
1561,复制,1
1562,增长,1
1563,不止,1
1564,不吝,1
1565,雪上加霜,1
1566,鲜少,1
1567,出过,1
1568,怜悯,1
1569,白岩松,1
1570,鬼,1
1571,仁心仁术,1
1572,几段,1
1573,后边,1
1574,荣誉,1
1575,才华,1
1576,无常,1
1577,国家,1
1578,损失,1
1579,自洽,1
1580,留给,1
1581,真爱,1
1582,仅仅,1
1583,不应,1
1584,人生目标,1
1585,更不应,1
1586,使用,1
1587,慢慢,1
1588,恳切,1
1589,并入,1
1590,怀疑,1
1591,软弱,1
1592,而书,1
1593,阿德勒,1
1594,柔情,1
1595,共存,1
1596,菩提,1
1597,毫不犹豫,1
1598,顽强,1
1599,至极,1
1600,渴望,1
1601,承受,1
1602,击倒,1
1603,谨慎,1
1604,精打细算,1
1605,投入,1
1606,减轻,1
1607,而用,1
1608,尽全力,1
1609,温饱,1
1610,嘴,1
1611,挂,1
1612,丧,1
1613,时而,1
1614,诈尸,1
1615,沸腾,1
1616,到底,1
1617,几件事,1
1618,看陶勇,1
1619,更能,1
1620,无穷,1
1621,精神力量,1
1622,解释,1
1623,风来,1
1624,笑对人生,1
1625,万钧之力,1
1626,标准,1
1627,星给,1
1628,不得不,1
1629,纸质,1
1630,感知,1
1631,令人不解,1
1632,理科生,1
1633,情感,1
1634,白血病,1
1635,病历,1
1636,亲人,1
1637,徘徊,1
1638,必须,1
1639,心路,1
1640,一时,1
1641,从何说起,1
1642,太仓促,1
1643,长,1
1644,怎会,1
1645,打破,1
1646,武志平,1
1647,毁灭,1
1648,当陶,1
1649,说出,1
1650,重来,1
1651,心底,1
1652,敬仰,1
1653,牺牲,1
1654,成全,1
1655,塑造,1
1656,贫苦,1
1657,奔波,1
1658,劳碌,1
1659,苦情,1
1660,荒谬,1
1661,病态,1
1662,媒体,1
1663,推波助澜,1
1664,架上,1
1665,之人,1
1666,圣坛,1
1667,多少年来,1
1668,固有,1
1669,模板,1
1670,终于,1
1671,翻转,1
1672,台,1
1673,权力,1
1674,腐化,1
1675,实践,1
1676,兼具,1
1677,几希,1
1678,遍读,1
1679,尽感,1
1680,书籍,1
1681,不难,1
1682,自律,1
1683,向往,1
1684,早,1
1685,到来,1
1686,发自内心,1
1687,看不到,1
1688,功利,1
1689,缝,1
1690,寿衣,1
1691,王,1
1692,阿婆,1
1693,冒险,1
1694,动容,1
1695,直言,1
1696,恶则,1
1697,助长,1
1698,恶势力,1
1699,作恶,1
1700,应有,1
1701,代价,1
1702,无处,1
1703,发作,1
1704,困难,1
1705,遇袭,1
1706,毫不动摇,1
1707,睿智,1
1708,辩证,1
1709,一套,1
1710,应用,1
1711,两种,1
1712,全身心,1
1713,扑,1
1714,心无旁骛,1
1715,自控力,1
1716,超群,1
1717,超强,1
1718,背后,1
1719,高冷,1
1720,火热,1
1721,一剂,1
1722,解药,1
1723,今年,1
1724,回忆,1
1725,小篇幅,1
1726,面对面,1
1727,沟通,1
1728,交流,1
1729,人格魅力,1
1730,透过,1
1731,展现,1
1732,哈哈哈哈,1
1733,善为,1
1734,非为,1
1735,成善,1
1736,五分,1
1737,回忆录,1
1738,见到,1
1739,芸芸众生,1
1740,厄,1
1741,观者,1
1742,猎奇,1
1743,领悟,1
1744,绝大多数,1
1745,闪着光,1
1746,能少,1
1747,倒也不是,1
1748,更多人,1
1749,慰藉,1
1750,白白浪费,1
1751,宏大,1
1752,冀望,1
1753,所思,1
1754,看轻,1
1755,辜负,1
1756,我能,1
1757,扮演,1
1758,想像,1
1759,多得多,1
1760,大人,1
1761,模样,1
1762,经典,1
1763,走运,1
1764,打击,1
1765,猫猫,1
1766,叹气,1
1767,倒,1
1768,倒苦水,1
1769,瞥,1
1770,无意间,1
1771,意识,1
1772,层次,1
1773,低于,1
1774,广义,1
1775,成功,1
1776,说不上,1
1777,鼓舞,1
1778,航海,1
1779,地图,1
1780,凉白开,1
1781,平平淡淡,1
1782,这份,1
1783,父亲,1
1784,段落,1
1785,最最,1
1786,看淡,1
1787,拒绝,1
1788,逼迫,1
1789,直到现在,1
1790,怕,1
1791,急诊,1
1792,窒息,1
1793,每次,1
1794,回去,1
1795,缓好,1
1796,几天,1
1797,点赞,1
1798,倔强,1
1799,恍惚,1
1800,对面,1
1801,学识渊博,1
1802,白痴,1
1803,大约,1
1804,奥地利,1
1805,著名,1
1806,心理学家,1
1807,弗兰克尔,1
1808,证明,1
1809,绝处,1
1810,再生,1
1811,权利,1
1812,反应,1
1813,做出,1
1814,太好了,1
1815,发现自己,1
1816,故事性,1
1817,知识性,1
1818,符合,1
1819,口味,1
1820,形式,1
1821,榜样,1
1822,发现,1
1823,肤浅,1
1824,小人,1
1825,言行合一,1
1826,精神境界,1
1827,非凡,1
1828,佛祖,1
1829,家庭教育,1
1830,知识,1
1831,涉猎,1
1832,之广,1
1833,个性,1
1834,反躬自省,1
1835,飞扬,1
1836,奋发,1
1837,缺乏,1
1838,推己及人,1
1839,何种,1
1840,认同,1
1841,推到,1
1842,众人,1
1843,面前,1
1844,自我检讨,1
1845,无穷的,1
1846,出事,1
1847,眼科医院,1
1848,惋惜,1
1849,伤心,1
1850,憎恶,1
1851,科,1
1852,极度,1
1853,逃离,1
1854,释怀,1
1855,此前,1
1856,看多,1
1857,还会,1
1858,曝光,1
1859,太多,1
1860,迷失,1
1861,摆在,1
1862,特殊,1
1863,位置,1
1864,摆正,1
1865,脱离,1
1866,心去,1
1867,自尊,1
1868,说空话,1
1869,置于,1
1870,高地,1
1871,腻,1
1872,高中生,1
1873,爬,1
1874,高山,1
1875,调皮,1
1876,我大,1
1877,概率,1
1878,自带,1
1879,提,1
1880,回避,1
1881,那句,1
1882,多人,1
1883,准确无误,1
1884,不算,1
1885,原句,1
1886,大致,1
1887,当时,1
1888,观众,1
1889,听到,1
1890,难受,1
1891,加深,1
1892,变态,1
1893,领会,1
1894,爱看,1
1895,疯狂,1
1896,知音,1
1897,青年,1
1898,一堆,1
1899,过瘾,1
1900,收获,1
1901,不好,1
1902,懒惰,1
1903,持续,1
1904,渐渐,1
1905,减少,1
1906,此类,1
1907,文学作品,1
1908,摄入,1
1909,代笔,1
1910,前进,1
1911,持久,1
1912,颇,1
1913,并不大,1
1914,闲暇,1
1915,打发,1
1916,时光,1
1917,美国,1
1918,律政,1
1919,待人,1
1920,可亲,1
1921,愚钝,1
1922,进行,1
1923,深挖,1
1924,就止,1
1925,喝醉,1
1926,乱说一通,1
1927,评分,1
1928,报道,1
1929,全能,1
1930,全神,1
1931,完美无缺,1
1932,甘于,1
1933,贫穷,1
1934,宽广,1
1935,爱人,1
1936,如子,1
1937,排解,1
1938,恐怕,1
1939,孔子,1
1940,现世,1
1941,两篇,1
1942,和利,1
1943,医疗系统,1
1944,鲜明,1
1945,极少,1
1946,新书,1
1947,近几年来,1
1948,层出不穷,1
1949,寒心,1
1950,尚存,1
1951,当作,1
1952,快餐,1
1953,匆匆,1
1954,一类,1
1955,留存,1
1956,人世间,1
1957,春节前夕,1
1958,依靠,1
1959,抗疫,1
1960,上读,1
1961,履历,1
1962,生气,1
1963,一想,1
1964,气愤,1
1965,一年,1
1966,除夕,1
1967,安抚,1
1968,磨难,1
1969,复盘,1
1970,社会关系,1
1971,透出,1
1972,从未,1
1973,令人,1
1974,淡然,1
1975,不怕死,1
1976,恐惧,1
1977,负面影响,1
1978,与利,1
1979,跃然纸上,1
1980,微信,1
1981,多次,1
1982,冬天,1
1983,是从,1
1984,爆发,1
1985,灰暗,1
1986,能读,1
1987,振作起来,1
1988,泪目,1
1989,干什么,1
1990,剖析,1
1991,呼吁,1
1992,年轻,1
1993,提起,1
1994,最多人,1
1995,讲话,1
1996,袁,1
1997,诚恳,1
1998,谈到,1
1999,求学,1
2000,小城,1
2001,一步步,1
2002,北京,1
2003,北大,1
2004,医学部,1
2005,毕业,1
2006,研究生,1
2007,三甲,1
2008,副,1
2009,主任医师,1
2010,领取,1
2011,薪水,1
2012,买得起,1
2013,四五十,1
2014,平,1
2015,房子,1
2016,薪资,1
2017,物资,1
2018,基础,1
2019,上层建筑,1
2020,有利,1
2021,觉醒,1
2022,崩溃,1
2023,想想,1
2024,风霜,1
2025,刀刃,1
2026,报之以,1
2027,微笑,1
2028,一盏,1
2029,明灯,1
2030,遇见,1
2031,流萤,1
2032,烛火,1
2033,可为,1
2034,投,1
2035,现今,1
2036,法律法规,1
2037,声音,1
2038,无私,1
2039,平淡,1
2040,有点像,1
2041,索然,1
2042,角度,1
2043,要求,1
2044,足够,1
2045,震撼人心,1
2046,引人深思,1
2047,坚韧,1
2048,不屈,1
2049,显露,1
2050,冲锋,1
2051,马不停蹄,1
2052,奋勇向前,1
2053,只好,1
2054,组织,1
2055,难能可贵,1
2056,气息,1
2057,叫做,1
2058,进,1
2059,通俗,1
2060,中庸之道,1
2061,变成,1
2062,议题,1
2063,令人深思,1
2064,留,1
2065,带上,1
2066,纸巾,1
2067,好几个,1
2068,地方,1
2069,哲学思想,1
2070,经验,1
2071,污糟,1
2072,糟,1
2073,简直,1
2074,一股,1
2075,清流,1
2076,轮回,1
2077,浮躁,1
2078,人情事故,1
2079,救人,1
2080,病危,1
2081,转换,1
2082,凝聚,1
2083,医学界,1
2084,闪闪发亮,1
2085,瞻仰,1
2086,准备,1
2087,下次,1
2088,上课,1
2089,墙裂,1
2090,我本,1
2091,趁早,1
2092,早到,1
2093,设想,1
2094,奇怪,1
2095,八岁,1
2096,十八岁,1
2097,自杀,1
2098,小孩,1
2099,忘记,1
2100,不停,1
2101,异常,1
2102,有感,1
2103,好事,1
2104,特定,1
2105,切换,1
2106,劫后余生,1
2107,认真,1
2108,认真对待,1
2109,爱上,1
2110,状态,1
2111,怀着,1
2112,勇士,1
2113,重新,1
2114,想着,1
2115,免,1
2116,挂号费,1
2117,顾不上,1
2118,休息,1
2119,吃饭,1
2120,加号,1
2121,惨无人道,1
2122,砍杀,1
2123,失衡,1
2124,未必,1
2125,那群,1
2126,不顾,1
2127,死活,1
2128,关系紧张,1
2129,长期,1
2130,难以解决,1
2131,难题,1
2132,无良,1
2133,遵,1
2134,医嘱,1
2135,诊断,1
2136,如陶勇,1
2137,言,1
2138,对立,1
2139,相反,1
2140,战友,1
2141,协作,1
2142,敌人,1
2143,自相残杀,1
2144,并未,1
2145,借着,1
2146,观,1
2147,改革,1
2148,给予,1
2149,启迪,1
2150,金子般,1
2151,统稿,1
2152,乱,1
2153,分散,1
2154,策划,1
2155,方,1
2156,拉来,1
2157,画蛇添足,1
2158,现时代,1
2159,颜回,1
2160,斯多葛,1
2161,营造,1
2162,却是,1
2163,风,1
2164,莫名其妙,1
2165,朗,1
2166,一平方米,1
2167,节目,1
2168,得知,1
2169,年初,1
2170,恶性,1
2171,早就,1
2172,病魔,1
2173,诊室,1
2174,看诊,1
2175,灾难,1
2176,契机,1
2177,深入,1
2178,诸多,1
2179,危机,1
2180,眼里,1
2181,非正常,1
2182,一台,1
2183,高速运转,1
2184,计算机,1
2185,直立,1
2186,行走,1
2187,百科全书,1
2188,天天,1
2189,励志,1
2190,达,1
2191,泛滥,1
2192,大使,1
2193,周国平,1
2194,作,1
2195,就让,1
2196,感慨不已,1
2197,偶像,1
2198,王阳明,1
2199,先生,1
2200,此心,1
2201,复何言,1
2202,👍,1
2203,真好,1
2204,有大,1
2205,遇上,1
2206,劫后,1
2207,变,1
2208,绽放,1
2209,光彩,1
2210,缺,1
2211,痴人,1
2212,传达,1
2213,痴,1
2214,字,1
2215,言说,1
2216,或言,1
2217,说不清,1
2218,事和情,1
2219,友谊,1
2220,纽带,1
2221,气力,1
2222,弱,1
2223,写作,1
2224,提个醒,1
2225,怪人,1
2226,怪才,1
2227,🤧,1
2228,讨厌,1
2229,践行,1
2230,以德报怨,1
2231,很难说,1
2232,发热,1
2233,之情,1
2234,假,1
2235,近佛近,1
2236,仙,1
2237,前辈,1
2238,崇敬,1
2239,狂妄,1
2240,可笑,1
2241,致敬,1
2242,目睹,1
2243,陪伴,1
2244,而陶,1
2245,人文精神,1
2246,融合,1
2247,总有一天,1
2248,返回,1
2249,自叙,1
2250,和平,1
2251,敲醒,1
2252,节奏,1
2253,类型学,1
2254,工具书,1
2255,特性,1
2256,化成,1
2257,反哺,1
2258,哲学理论,1
2259,形成,1
2260,行事,1
2261,直面,1
2262,新生,1
2263,不堪,1
2264,达到,1
2265,消化,1
2266,内核,1
2267,过来,1
2268,加入,1
2269,做法,1
2270,专业书,1
2271,每时每刻,1
2272,向前,1
2273,计较,1
2274,得失,1
2275,遗憾,1
2276,忘我,1
2277,建议,1
2278,文采,1
2279,一条,1
2280,赞美,1
2281,职业倦怠,1
2282,必读,1
2283,崇拜,1
2284,主观性,1
2285,严谨,1
2286,艺术家,1
2287,独立,1
2288,个体,1
2289,独特性,1
2290,前沿,1
2291,艺术性,1
2292,在我看来,1
2293,虚无缥缈,1
2294,做做,1
2295,悲欢,1
2296,各人,1
2297,难处,1
2298,只觉,1
2299,矫情,1
2300,克制,1
2301,得不到,1
2302,不敢,1
2303,意愿,1
2304,恶性循环,1
2305,路本,1
2306,窄,1
2307,不断完善,1
2308,变好,1
2309,继续下去,1
2310,极大,1
2311,场,1
2312,一点点,1
2313,三观,1
2314,难看,1
2315,该是,1
2316,类,1
2317,神夸,1
2318,炫耀,1
2319,多嘴,1
2320,飞机,1
2321,电子书,1
2322,便宜,1
2323,生来,1
2324,迭代,1
2325,朴实,1
2326,体现,1
2327,慈悲心,1
2328,看来,1
2329,佛缘,1
2330,进一步,1
2331,前些年,1
2332,桩,1
2333,医案,1
2334,主角,1
2335,娓娓道来,1
2336,不烧脑,1
2337,暖暖的,1
2338,列入,1
2339,疗愈,1
2340,系列,1
2341,糟糕,1
2342,按摩,1
2343,💆,1
2344,源自,1
2345,保有,1
2346,夫,1
2347,惯看,1
2348,别离,1
2349,长久,1
2350,生涯,1
2351,人会,1
2352,麻木,1
2353,恍然,1
2354,本多,1
2355,无奈,1
2356,何须,1
2357,躬身,1
2358,罪,1
2359,守望,1
2360,流,1
2361,亲历,1
2362,逝后,1
2363,医病,1
2364,医人,1
2365,民生,1
2366,多艰,1
2367,砥砺,1
2368,相勉,1
2369,相像,1
2370,漩涡,1
2371,几次,1
2372,快,1
2373,恶意,1
2374,所袭,1
2375,所能,1
2376,恨,1
2377,加一星,1
2378,只值,1
2379,站,1
2380,制高点,1
2381,衣食无忧,1
2382,生活安定,1
2383,稳定,1
2384,保障,1
2385,评判,1
2386,坏,1
2387,武断,1
2388,事实上,1
2389,穷困潦倒,1
2390,生活来源,1
2391,廉者,1
2392,嗟来之食,1
2393,对小诗,1
2394,偶然,1
2395,推上,1
2396,风口浪尖,1
2397,生娃,1
2398,前一天,1
2399,住院,1
2400,完娃,1
2401,一个月,1
2402,天,1
2403,跨越,1
2404,春天,1
2405,截然不同,1
2406,阶段,1
2407,苦痛,1
2408,欢乐,1
2409,绝,1
2410,于纸,1
2411,口述,1
2412,我心,1
2413,给人以,1
2414,生生不息,1
2415,病例,1
2416,亲眼,1
2417,爱于,1
2418,价廉,1
2419,有效,1
2420,对抗,1
2421,俘虏,1
2422,自由,1
2423,健康,1
2424,乞丐,1
2425,财富,1
2426,极寒,1
2427,暖阳,1
2428,源于,1
2429,盲人,1
2430,有时候,1
2431,那盏,1
2432,之光,1
2433,时要,1
2434,医治,1
2435,身体,1
2436,见识,1
2437,地狱,1
2438,天堂,1
2439,晦涩,1
2440,忘,1
2441,老套,1
2442,肯定,1
2443,扣人心弦,1
2444,浏览,1
2445,检验,1
2446,天问,1
2447,大地,1
2448,短暂,1
2449,深渊,1
2450,捞起来,1
2451,来讲,1
2452,兜里,1
2453,有钱,1
2454,大病,1
2455,时能,1
2456,掏出,1
2457,百来,1
2458,万,1
2459,撑下去,1
2460,一念之间,1
2461,这一念,1
2462,凭空,1
2463,蹦出来,1
2464,之处,1
2465,爬起来,1
2466,数次,1
2467,湿润,1
2468,有光,1
2469,值,1
2470,过失,1
2471,尽毁,1
2472,悲痛,1
2473,胸怀,1
2474,文章,1
2475,提出,1
2476,缓解,1
2477,就医,1
2478,展望,1
2479,实行,1
2480,红,1
2481,有望,1
2482,解放出来,1
2483,推,1
2484,人群,1
2485,拯救,1
2486,扣,1
2487,偶有,1
2488,老调,1
2489,千钧,1
2490,之力,1
